#"Time (ps)","Potential Energy (kJ/mole)","Total Energy (kJ/mole)","Temperature (K)"
0.20000000000000015,-76.38174438476562,-66.73703003302217,45.48990230582607
0.4000000000000003,-65.6812744140625,-49.704099809750915,75.35734967017211
0.6000000000000004,-56.72149658203125,-38.594352632761,85.49781541087194
0.8000000000000006,-55.1761474609375,-20.985791757702827,161.26096471280528
1.0000000000000007,-46.044708251953125,7.932131856679916,254.58516382862624
1.2000000000000008,-28.277618408203125,17.1534279063344,214.2783895021407
1.400000000000001,-8.628662109375,30.085203260183334,182.59638277662026
1.6000000000000012,-35.295166015625,19.83358196914196,260.01820983077886
1.8000000000000014,-33.52813720703125,17.569824159145355,241.00675103499182
2.0000000000000013,-40.9427490234375,14.571018993854523,261.8341810484422
2.1999999999999793,-42.091400146484375,7.456405341625214,233.69534326485672
2.3999999999999573,-40.0709228515625,10.146999716758728,236.85599265275513
2.5999999999999353,-49.29571533203125,10.270388215780258,280.9472766436929
2.7999999999999132,-35.677154541015625,21.90261948108673,271.57862841044033
2.999999999999891,-19.790985107421875,45.61503420770168,308.49160694117404
3.199999999999869,-28.30487060546875,34.541101686656475,296.4169840205415
3.399999999999847,-29.406524658203125,36.366223994642496,310.22130894553055
3.599999999999825,-31.71453857421875,35.34342357516289,316.2830992969456
3.799999999999803,-23.943572998046875,36.27913519740105,284.0441937928392
3.999999999999781,-17.791351318359375,37.061159178614616,258.71531833242796
4.1999999999997595,-22.221099853515625,26.42780601233244,229.45562661715434
4.3999999999997375,-19.071319580078125,40.66816392261535,281.7650341139226
4.599999999999715,-28.24224853515625,19.948087595403194,227.29275359697863
4.799999999999693,-44.628173828125,15.617748014628887,284.153682421491
4.999999999999671,-37.966796875,17.649321377277374,262.3169223739663
5.199999999999649,-38.760986328125,13.778994172811508,247.80812504888388
5.399999999999627,-50.286865234375,5.720389127731323,264.1617404551968
5.599999999999605,-25.12115478515625,18.901806190609932,207.63706637291855
5.799999999999583,-18.259735107421875,37.96957293152809,265.20907059872155
5.999999999999561,-38.871734619140625,34.672209694981575,346.87464242315997
6.199999999999539,-11.7698974609375,37.85996026545763,234.0823478113324
6.399999999999517,-28.050079345703125,40.22618818283081,322.0293133013326
6.599999999999495,-32.275909423828125,27.616846904158592,282.4879550418469
6.799999999999473,-14.907623291015625,42.99246408045292,273.0894064841617
6.999999999999451,-34.0252685546875,34.49097719788551,323.16118569992676
7.199999999999429,-38.805999755859375,31.33291804790497,330.8146205649774
7.399999999999407,-34.0826416015625,23.666340686380863,272.3767098467303
7.599999999999385,-35.802978515625,15.837385535240173,243.56502743769738
7.799999999999363,-28.453125,27.0863730981946,261.9555385945439
7.999999999999341,-26.94610595703125,41.11241834703833,321.0023136777669
8.199999999999408,-30.377838134765625,46.15422269701958,360.9682820592932
8.399999999999475,-12.917999267578125,47.65603378415108,285.7012395908783
8.599999999999541,-10.511749267578125,71.87275713682175,388.57170997214587
8.799999999999608,7.499298095703125,61.1801872253418,253.1892924082006
8.999999999999675,-16.957305908203125,57.40930458903313,350.75479925677314
9.199999999999742,-22.109222412109375,78.15035855770111,472.8806242680779
9.399999999999809,-36.82318115234375,66.26804802566767,486.2362712740717
9.599999999999875,-40.4481201171875,47.22613602504134,413.52114756255105
9.799999999999942,-34.285614013671875,46.756436713039875,382.23993327034077
10.000000000000009,-15.33099365234375,42.38361330330372,272.2145764282752
10.200000000000076,-1.957366943359375,51.60257498919964,252.61883734041285
10.400000000000142,-38.11578369140625,37.50020653009415,356.6475773657881
10.60000000000021,-3.89520263671875,54.06778961420059,273.3861013075039
10.800000000000276,-4.48638916015625,46.45576199889183,240.27186238593134
11.000000000000343,-13.808197021484375,45.818426579236984,281.23272328254694
11.20000000000041,-23.104339599609375,38.72170686721802,291.60643966848403
11.400000000000476,-24.0980224609375,51.84995514154434,358.2134167444197
11.600000000000543,-9.730743408203125,71.98676973581314,385.4257942770885
11.80000000000061,2.656982421875,54.098797768354416,242.6285599762402
12.000000000000677,-2.39111328125,65.18399815261364,318.72226644805585
12.200000000000744,-8.347381591796875,52.70634885132313,287.96376253089494
12.40000000000081,-14.1551513671875,46.26070502400398,284.95518941536204
12.600000000000877,-26.65704345703125,47.472630336880684,349.6372723820722
12.800000000000944,-3.6739501953125,55.28559723496437,278.08641653696884
13.00000000000101,-36.108673095703125,51.26855218410492,412.12018280397376
13.200000000001078,-6.063629150390625,49.375248366966844,261.48095529167927
13.400000000001144,-30.53973388671875,36.27758566662669,315.14809334600955
13.600000000001211,-19.89971923828125,34.667848251760006,257.3713667051042
13.800000000001278,-18.387969970703125,26.87273558974266,213.47496661373413
14.000000000001345,-42.465667724609375,25.78754898905754,321.92059268212824
14.200000000001411,-39.5477294921875,10.953279741108418,238.1911887263903
14.400000000001478,-40.88739013671875,25.51227168738842,313.1781843774886
14.600000000001545,-35.797576904296875,30.59225296974182,313.1318113661397
14.800000000001612,-44.908416748046875,16.23480822145939,288.3858690976365
15.000000000001679,-38.916351318359375,23.45638656616211,294.1849441503552
15.200000000001745,-45.763763427734375,8.343891650438309,255.20216086632723
15.400000000001812,-31.52545166015625,28.005416125059128,280.7810849515689
15.600000000001879,-33.5126953125,18.828440696001053,246.87026248447262
15.800000000001946,-32.308197021484375,24.597726464271545,268.4003699416878
16.00000000000201,-37.906829833984375,12.299314406700432,236.80043942909643
16.2000000000019,-35.387054443359375,29.597578316926956,306.50411073201275
16.40000000000179,-31.48565673828125,42.77522677183151,350.25613126724716
16.60000000000168,-31.106658935546875,29.31509681046009,284.9830140936715
16.800000000001567,-22.675811767578125,36.93144937977195,281.1413990524932
17.000000000001457,-21.11083984375,41.85874876379967,297.00002815300434
17.200000000001346,-22.606231689453125,36.11943209171295,276.98328958463384
17.400000000001235,1.131103515625,56.15007574856281,259.50044558767775
17.600000000001124,5.154998779296875,82.18283569812775,363.306641179405
17.800000000001013,0.912261962890625,79.54191864281893,370.8617249057252
18.000000000000902,-9.5023193359375,64.5252368748188,349.15562837354673
18.20000000000079,-7.67236328125,70.57071907818317,369.0384227910197
18.40000000000068,-5.089141845703125,68.77832663059235,348.4005644975837
18.60000000000057,-12.163482666015625,50.13163198530674,293.81882928514386
18.80000000000046,-0.08984375,42.885821633040905,202.69743079005832
19.000000000000348,-21.55596923828125,39.02952191233635,285.75528243549087
19.200000000000237,-26.56927490234375,19.03543010354042,215.09746165045047
19.400000000000126,-50.22113037109375,13.974733762908727,302.783833858798
19.600000000000016,-41.284149169921875,12.089907050132751,251.74209567720908
19.799999999999905,-25.669921875,21.30630435049534,221.5663278102037
19.999999999999794,-42.85821533203125,16.563659250736237,280.2670116518804
20.199999999999683,-30.5257568359375,27.39544254541397,273.18898260762467
20.399999999999572,-27.435028076171875,26.633921340107918,255.01960317576467
20.59999999999946,-27.556610107421875,31.70420203357935,279.5073505075604
20.79999999999935,-21.1883544921875,38.94821771979332,283.63792800517217
20.99999999999924,-18.410125732421875,42.16861444711685,285.723441055472
21.19999999999913,-47.387451171875,20.960024289786816,322.36516999996064
21.399999999999018,-25.543426513671875,31.762451857328415,270.286782332244
21.599999999998907,-24.88531494140625,34.899037197232246,281.97665985951716
21.799999999998796,-34.4912109375,33.92891901731491,322.7078494899982
21.999999999998685,-30.89434814453125,15.023165680468082,216.57284413488634
22.199999999998575,-25.17822265625,16.197322621941566,195.15036359941345
22.399999999998464,-22.670684814453125,41.82293803989887,304.1882316051096
22.599999999998353,-31.35223388671875,43.890346080064774,354.8863643959096
22.799999999998242,-24.159698486328125,50.92877258732915,354.1595001014264
22.99999999999813,-40.526885986328125,47.79862616956234,416.592837542897
23.19999999999802,-14.850341796875,45.91033415496349,286.58155257708023
23.39999999999791,-7.839080810546875,65.25681166350842,344.76137771782373
23.5999999999978,-19.822174072265625,55.3286954164505,354.4538061535856
23.799999999997688,-18.467254638671875,63.73962140083313,387.7339051755574
23.999999999997577,-15.475677490234375,50.97343757003546,313.41143367857757
24.199999999997466,-25.0687255859375,39.59116753935814,304.9724558035403
24.399999999997355,-0.878631591796875,62.33084271848202,298.131464169017
24.599999999997245,-6.62872314453125,57.635333616286516,303.1054686754107
24.799999999997134,-29.385009765625,32.165579449385405,290.30722820222417
24.999999999997023,-23.361663818359375,13.728779256343842,174.93940934010686
25.199999999996912,-29.988189697265625,18.299491617828608,227.75188828702048
25.3999999999968,-31.620697021484375,19.32827018201351,240.30401068860013
25.59999999999669,-40.844512939453125,24.075235404074192,306.19807929635857
25.79999999999658,-56.605987548828125,22.715190649032593,374.12332967139
25.99999999999647,-43.066314697265625,23.027228146791458,311.7343549400807
26.199999999996358,-45.572235107421875,12.625243704766035,274.49207193298
26.399999999996247,-42.312255859375,15.103378519415855,270.80445345134433
26.599999999996136,-21.0794677734375,23.212134212255478,208.90412860526965
26.799999999996025,-36.506988525390625,16.66353613138199,250.78212624813233
26.999999999995914,-28.75457763671875,39.083680242300034,319.9634132198179
27.199999999995804,-30.03900146484375,35.45456475019455,308.9045274050735
27.399999999995693,-40.66192626953125,29.35811349749565,330.25392482218257
27.599999999995582,-31.0469970703125,26.304644368588924,270.5026267224577
27.79999999999547,-16.40740966796875,24.32853016257286,192.1336242469814
27.99999999999536,-41.3040771484375,10.547697052359581,244.562156716609
28.19999999999525,-35.17620849609375,12.541689917445183,225.06447136807407
28.39999999999514,-50.550018310546875,9.579683274030685,283.6055222585678
28.599999999995028,-41.78179931640625,4.678755685687065,219.13413202721054
28.799999999994917,-30.63525390625,17.604870207607746,227.5275817540027
28.999999999994806,-38.931243896484375,17.79649716615677,267.55996132775704
29.199999999994695,-48.3885498046875,14.228964190930128,295.3394460852467
29.399999999994584,-34.947784423828125,31.115851689130068,311.5932979604379
29.599999999994473,-35.24444580078125,30.36458793282509,309.4491372242546
29.799999999994363,-57.192718505859375,20.659647703170776,367.19558547485497
29.99999999999425,-32.71435546875,27.063089415431023,281.9440813591062
30.19999999999414,-39.7479248046875,18.66398849338293,275.5034656827631
30.39999999999403,-24.06390380859375,32.822726756334305,268.3093736662517
30.59999999999392,-37.690643310546875,33.39409154653549,335.27562622937467
30.79999999999381,-42.337646484375,53.79666845500469,453.42354737954184
30.999999999993697,-1.463226318359375,48.90913401544094,237.58440809439065
31.199999999993587,-24.154327392578125,40.341609820723534,304.199147424768
31.399999999993476,-17.1123046875,37.757546704262495,258.7971077541833
31.599999999993365,-30.50848388671875,28.902853041887283,280.2173101427579
31.799999999993254,-32.844696044921875,33.23295238614082,311.65938794075305
31.999999999993143,-24.05303955078125,40.69152908027172,305.3718331561626
32.19999999999339,-21.990264892578125,50.0365667254664,339.7190849007097
32.39999999999363,-7.778533935546875,72.26910796761513,377.549741463141
32.59999999999388,-27.388336181640625,56.80096876621246,397.0841559015106
32.79999999999412,-24.087127685546875,56.81253665313125,381.56835890897486
32.999999999994365,-17.69610595703125,50.938489109277725,323.71938768740574
33.19999999999461,-27.727996826171875,39.991824477910995,319.40479965939676
33.399999999994854,-22.78509521484375,38.93635606765747,291.11310989809044
33.5999999999951,-34.938140869140625,38.06210500001907,344.3102544855636
33.79999999999534,-29.121734619140625,28.191148668527603,270.31982146261777
33.99999999999559,-36.388397216796875,16.348405808210373,248.73645087223454
34.19999999999583,-39.8126220703125,21.905296593904495,291.0964480815998
34.399999999996076,-33.895355224609375,26.82778650522232,286.40452005647415
34.59999999999632,-17.783905029296875,36.21704060584307,254.6988590616666
34.799999999996565,-25.97882080078125,38.757373571395874,305.33233543707496
34.99999999999681,-3.139495849609375,61.0466348528862,302.7379255164457
35.199999999997054,-26.148773193359375,45.79123252630234,339.3095650859175
35.3999999999973,-29.298309326171875,48.23780855536461,365.70398033265946
35.59999999999754,-34.491424560546875,56.018102034926414,426.893879115287
35.79999999999779,-5.763580322265625,54.2887687087059,283.2406840706946
35.99999999999803,-15.388153076171875,38.26715637743473,253.06864425613762
36.199999999998276,-27.481536865234375,32.958605885505676,285.0697375588256
36.39999999999852,-22.856048583984375,27.066297747194767,235.46188872586313
36.599999999998765,-26.202789306640625,27.17538958787918,251.76154053081694
36.79999999999901,-27.92364501953125,38.15518696606159,311.6649702501907
36.999999999999254,-25.5794677734375,33.76283763349056,279.8917186257229
37.1999999999995,-47.98052978515625,20.854573398828506,324.66509684497635
37.39999999999974,-28.9656982421875,33.21370658278465,293.27307660605663
37.59999999999999,-16.132843017578125,41.752030566334724,273.0176496975561
37.80000000000023,-27.910980224609375,30.47160840034485,275.3651540162319
38.000000000000476,-37.145751953125,29.304687649011612,313.4176809636627
38.20000000000072,-20.95672607421875,45.7720385491848,314.7304184450388
38.400000000000965,-12.188690185546875,58.31706829369068,332.5448477008452
38.60000000000121,-5.5626220703125,51.605675131082535,269.63787208604964
38.800000000001454,-20.325286865234375,55.063627772033215,355.57656107996917
39.0000000000017,-11.103424072265625,44.03956413269043,260.08537472562074
39.20000000000194,-10.97100830078125,59.92841982841492,334.4016153835655
39.40000000000219,-18.92572021484375,54.119304060935974,344.5214546588675
39.60000000000243,-32.387298583984375,77.58248160779476,518.6793900861256
39.800000000002676,-20.941131591796875,67.98014315962791,419.40278932373155
40.00000000000292,-13.35626220703125,64.63394311070442,367.8457123070512
40.200000000003165,-19.86785888671875,55.5650769919157,355.78419003569843
40.40000000000341,-14.997314453125,55.85596153140068,334.1839358882795
40.600000000003654,-17.2728271484375,57.00934398174286,350.35653566719947
40.8000000000039,-8.99432373046875,45.80881753563881,258.4824652476063
41.00000000000414,-12.007781982421875,58.17938141524792,331.0421739453477
41.20000000000439,-13.565185546875,61.524235129356384,354.1639789617378
41.40000000000463,-13.11944580078125,59.21548068523407,341.1722337378637
41.600000000004876,-23.593475341796875,42.45310866832733,311.5128706441134
41.80000000000512,-18.095672607421875,40.59739929437637,276.8295679341697
42.000000000005365,-7.97119140625,48.90133158117533,268.2428343889889
42.20000000000561,-11.255950927734375,60.91044256091118,340.3773372478216
42.40000000000585,4.35443115234375,70.0710867792368,309.95674265797027
42.6000000000061,-14.322509765625,80.58060669898987,447.6165222781702
42.80000000000634,-18.87359619140625,55.67360570281744,351.60656994760205
43.00000000000659,-9.830352783203125,63.87532903254032,347.6374875297762
43.20000000000683,-4.246124267578125,63.45025196671486,319.29421951203324
43.400000000007076,-12.671539306640625,58.248723059892654,334.4998813753323
43.60000000000732,0.517608642578125,73.0273899435997,341.99694747870143
43.800000000007564,20.453277587890625,82.42017905414104,292.2707911390781
44.00000000000781,7.886016845703125,85.110795378685,364.2355286986151
44.20000000000805,-8.309844970703125,68.5488245934248,362.50875270307273
44.4000000000083,25.6812744140625,103.96774384379387,369.24306063898706
44.60000000000854,-12.87255859375,88.69861498475075,479.06683336234494
44.80000000000879,-22.287689208984375,61.24257606267929,393.97575378692636
45.00000000000903,-25.342926025390625,50.95052844285965,359.84288012711573
45.200000000009275,-21.92315673828125,43.96913542598486,310.7851434415549
45.40000000000952,-30.723358154296875,18.84824113547802,233.8075682280609
45.600000000009764,-36.682525634765625,20.825077667832375,271.2382306692671
45.80000000001001,-26.3533935546875,19.7954580783844,217.66396346772203
46.00000000001025,-40.42822265625,19.017994731664658,280.3818260245626
46.2000000000105,-45.8978271484375,19.025696519762278,306.21588585280597
46.40000000001074,-17.706878662109375,37.93658393621445,262.4458937032255
46.600000000010986,-0.621063232421875,41.19916030019522,197.24771657572902
46.80000000001123,-13.4122314453125,34.69694682210684,226.90996742717093
47.000000000011475,-17.176788330078125,25.534978613257408,201.4527371886675
47.20000000001172,-32.77587890625,22.33917048573494,259.9535995556939
47.400000000011964,-34.281158447265625,29.98092933744192,303.0961818756539
47.60000000001221,-18.003173828125,52.9774526655674,334.7845925805686
47.80000000001245,-32.645721435546875,57.04449772834778,423.0295640447
48.0000000000127,-18.87176513671875,56.64064663648605,356.159043094879
48.20000000001294,-21.1170654296875,59.97012856602669,382.4528543400369
48.400000000013186,-25.650909423828125,63.278173327445984,419.43961624647864
48.60000000001343,-36.297271728515625,66.65221774578094,485.56774703999946
48.800000000013675,-9.175445556640625,55.911199510097504,306.9852581963381
49.00000000001392,-11.88720703125,50.329629346728325,293.44962488185894
49.200000000014164,-24.822601318359375,43.12174740433693,320.46379736168313
49.40000000001441,-17.738677978515625,55.84986615180969,347.0850002635216
49.60000000001465,-28.325042724609375,40.37874857895076,324.0457560958094
49.8000000000149,-27.6676025390625,37.631463408470154,307.98715465098155
50.00000000001514,-25.597015380859375,28.496043294668198,255.13331601451233
50.200000000015386,-45.273956298828125,37.62486073374748,390.9974884221145
50.40000000001563,1.66595458984375,63.52147401869297,291.74545074897225
50.600000000015875,-5.454132080078125,67.44522288441658,343.83439618334984
50.80000000001612,-1.299041748046875,62.64439007639885,301.59322098196407
51.000000000016364,-13.595855712890625,49.670219123363495,298.3984241123777
51.20000000001661,-9.837188720703125,59.36897054314613,326.4152062009852
51.40000000001685,-23.56390380859375,67.3203849196434,428.66146830306525
51.6000000000171,-16.24639892578125,67.35236078500748,394.29881212029505
51.80000000001734,-24.4906005859375,56.590273186564445,382.4230446094435
52.000000000017586,-39.1142578125,40.067305505275726,373.4648273017104
52.20000000001783,-36.635009765625,34.30925288423896,334.61308022230776
52.400000000018075,-43.345977783203125,44.73021537065506,415.4169087769627
52.60000000001832,-42.748748779296875,31.54085284471512,350.39158205905284
52.800000000018564,-23.7935791015625,23.88901749253273,224.89796811467065
53.00000000001881,-21.412506103515625,25.886793076992035,223.0901217376525
53.20000000001905,-24.705230712890625,40.72384510189295,308.6003543730623
53.4000000000193,-19.165679931640625,37.44958585128188,267.0294645914492
53.60000000001954,-44.316436767578125,44.281778156757355,417.8790573149579
53.800000000019786,-20.862701416015625,61.18954211845994,387.0045712325752
54.00000000002003,-37.98028564453125,40.96074390411377,372.33033463972396
54.200000000020275,-40.795928955078125,38.515769109129906,374.07861602431046
54.40000000002052,-35.3359375,35.93615218997002,336.1592970913368
54.60000000002076,-26.49957275390625,32.88663946837187,280.0988078839416
54.80000000002101,-30.986236572265625,41.06266629323363,339.8231853285572
55.00000000002125,-19.620361328125,37.49844003841281,269.40442186553656
55.2000000000215,-26.50592041015625,37.91954353451729,303.86675581749495
55.40000000002174,-29.00469970703125,42.71462766826153,338.26872178457705
55.600000000021986,-35.014984130859375,28.36600463092327,298.9404228751432
55.80000000002223,-30.90423583984375,20.648187592625618,243.15024997580022
56.000000000022474,-47.7808837890625,26.23380482196808,349.0949375295169
56.20000000002272,-31.73040771484375,28.91197755932808,286.0236271503128
56.40000000002296,-39.69659423828125,28.90294950455427,323.55406591401294
56.60000000002321,-27.616851806640625,26.740048050880432,256.37773955630104
56.80000000002345,-20.5213623046875,59.92516729235649,379.43112037846447
57.0000000000237,0.763671875,63.154702454805374,294.2712227990561
57.20000000002394,-8.4915771484375,54.45323297381401,296.8831588674671
57.400000000024185,-21.508209228515625,47.572915248572826,325.82547175918177
57.60000000002443,3.4337158203125,64.33763593435287,287.2571726843015
57.800000000024674,9.95745849609375,53.89036925882101,207.21233887510326
58.00000000002492,-21.303314208984375,33.90434345602989,260.3903923044656
58.20000000002516,-30.055145263671875,42.97487631440163,344.4506934908236
58.40000000002541,-33.1226806640625,32.460813879966736,309.32868002910476
58.60000000002565,-37.182586669921875,25.91071707010269,297.5835383623055
58.800000000025896,-13.369964599609375,34.81287281215191,227.25738541777633
59.00000000002614,-3.313507080078125,59.26618777960539,295.16106975016913
59.200000000026385,-8.924072265625,53.434038661420345,294.11595518475656
59.40000000002663,-19.978240966796875,59.514580473303795,374.9328958271299
59.600000000026874,22.80682373046875,99.55045714974403,361.9661774851723
59.80000000002712,-5.84405517578125,79.18465849757195,401.04327999011105
60.00000000002736,-14.9400634765625,64.80371522903442,376.116551565809
60.20000000002761,2.617645263671875,84.72205658257008,387.2506238713937
60.40000000002785,-2.92510986328125,87.26418575644493,425.3834895619249
60.600000000028096,1.2945556640625,89.68935918807983,416.91965464206373
60.80000000002834,-12.056121826171875,80.91098669171333,438.4852189395581
61.000000000028585,-15.679779052734375,54.190247893333435,329.54637990989426
61.20000000002883,-17.974365234375,46.742212891578674,305.23981417705954
61.400000000029074,-12.2225341796875,37.75727555155754,235.73291846918423
61.60000000002932,-24.777099609375,59.62256249040365,398.0763186490466
61.80000000002956,-27.683502197265625,50.482016414403915,368.672588492609
62.00000000002981,-32.10052490234375,48.18260324001312,378.66042713247913
62.20000000003005,-27.0556640625,41.040360271930695,321.17918493132396
62.400000000030296,-42.334869384765625,31.491763710975647,348.20796185490445
62.60000000003054,-35.761505126953125,24.493270069360733,284.1954398208119
62.800000000030785,-33.995819091796875,18.936164990067482,249.65703461215347
63.00000000003103,-34.0048828125,22.06573575735092,264.4606017293481
63.200000000031274,-44.11065673828125,13.722922146320343,272.7757150196199
63.40000000003152,-41.17901611328125,21.999803379178047,297.98687879126925
63.60000000003176,-39.5963134765625,22.043608963489532,290.728573981021
63.80000000003201,-32.975006103515625,15.982396826148033,230.91067243632565
64.00000000003224,-32.190185546875,17.230337619781494,233.09500818421088
64.20000000003178,-28.63165283203125,17.192888885736465,216.13433533919883
64.40000000003131,-23.9970703125,24.94835403561592,230.85417470248964
64.60000000003085,-42.711334228515625,7.432791091501713,236.50792328612056
64.80000000003038,-34.32373046875,17.125565042719245,242.66384064523766
65.00000000002991,-26.640167236328125,26.29760742932558,249.6843462650718
65.20000000002945,-15.5699462890625,50.63377985358238,312.2540414031211
65.40000000002898,-37.04840087890625,26.17391462996602,298.1920304904443
65.60000000002852,-40.538330078125,22.22271403670311,296.016414926698
65.80000000002805,-26.051727294921875,38.21091100201011,303.09877840121123
66.00000000002758,-45.72662353515625,19.263085782527924,306.52805463451267
66.20000000002712,-33.2701416015625,19.06930238008499,246.8622819333168
66.40000000002665,-38.571868896484375,22.84471544623375,289.67518578740874
66.60000000002618,-23.698974609375,24.47500229626894,227.21559428296837
66.80000000002572,-39.81768798828125,20.115040749311447,282.67648742773093
67.00000000002525,-26.88079833984375,22.701428100466728,233.85769185246514
67.20000000002479,-43.696502685546875,10.149560242891312,253.96834502674847
67.40000000002432,-38.87969970703125,7.626791033893824,219.35079083073694
67.60000000002385,-50.545806884765625,7.304852306842804,272.85627536270084
67.80000000002339,-36.522979736328125,22.663750290870667,279.1579375548717
68.00000000002292,-38.99591064453125,16.86527471244335,263.4727967984933
68.20000000002246,-34.696929931640625,16.402003206312656,241.0113344577426
68.40000000002199,-33.853363037109375,31.04207233712077,306.08340564634085
68.60000000002152,-18.8411865234375,50.29655238986015,326.09249731103654
68.80000000002106,-32.134796142578125,48.10878622531891,378.47390699811547
69.00000000002059,-18.62744140625,49.846581891179085,322.9620408326387
69.20000000002013,-14.2955322265625,37.90582216903567,246.2109737089628
69.40000000001966,-16.28753662109375,34.18455781787634,238.05481027897292
69.6000000000192,-19.252655029296875,47.431756377220154,314.5212237058755
69.80000000001873,-28.09259033203125,35.744357258081436,301.0909813883109
70.00000000001826,-27.1700439453125,15.616283033043146,201.80440428686111
70.2000000000178,-42.563446044921875,13.171269349753857,262.87629326093054
70.40000000001733,-33.196624755859375,19.261558905243874,247.42232510528396
70.60000000001686,-35.11865234375,28.11995130777359,298.26885454048147
70.8000000000164,-32.201568603515625,32.0480621047318,303.0374272904458
71.00000000001593,-38.507354736328125,32.1328831743449,333.17912840372946
71.20000000001546,-23.324188232421875,45.34444300085306,323.87992141123414
71.400000000015,-22.08074951171875,47.736688911914825,329.2983428337616
71.60000000001453,-20.52288818359375,64.71949175000191,402.05105035530835
71.80000000001407,-15.220672607421875,55.04717354476452,331.42271923542796
72.0000000000136,-12.62847900390625,49.98793284595013,295.33424774539156
72.20000000001313,-25.77764892578125,58.18985116481781,396.0379993312416
72.40000000001267,-8.388427734375,56.7125628143549,307.05291956509785
72.6000000000122,-19.562286376953125,63.92049637436867,393.75179949104864
72.80000000001174,-20.0860595703125,53.93236470222473,349.1125570121463
73.00000000001127,-19.67022705078125,48.52481871843338,321.6462257611739
73.2000000000108,-21.851409912109375,35.03772559762001,268.32118839607557
73.40000000001034,-21.569580078125,28.947165682911873,238.26541104998248
73.60000000000987,-37.1143798828125,16.80853535234928,254.33082376871369
73.8000000000094,-40.891082763671875,9.492108851671219,237.6354945155389
74.00000000000894,-46.29425048828125,11.183046236634254,271.0952877880452
74.20000000000847,-45.549652099609375,4.075161445885897,234.0585566146231
74.400000000008,-40.08599853515625,18.091231256723404,274.3965661541651
74.60000000000754,-33.23492431640625,46.0775748193264,374.08239432857806
74.80000000000707,-11.3258056640625,33.037527769804,209.242454495562
75.00000000000661,-20.48394775390625,35.34705966897309,263.3304606728477
75.20000000000614,-8.19879150390625,52.59915977716446,286.7573640136195
75.40000000000568,-29.038421630859375,34.546020805835724,299.90002493882236
75.60000000000521,-28.296630859375,39.60363209247589,320.2558640486066
75.80000000000474,-34.271881103515625,33.17197445034981,318.1031898284249
76.00000000000428,-30.69329833984375,42.12716618180275,343.46230444406683
76.20000000000381,-32.506988525390625,53.63560079038143,406.2969445680893
76.40000000000335,-25.4080810546875,36.76150929927826,293.22678603580414
76.60000000000288,-42.0592041015625,20.96306490013376,297.248498547851
76.80000000000241,-34.242431640625,20.79545984044671,259.58967941233266
77.00000000000195,-52.213958740234375,3.0110472291707993,260.47221667407706
77.20000000000148,-37.23760986328125,18.417407918721437,262.50039445436306
77.40000000000101,-47.237762451171875,8.706492453813553,263.8645995503206
77.60000000000055,-40.922637939453125,26.50365912914276,318.0203741274699
77.80000000000008,-30.15679931640625,38.35039520263672,323.11849498727184
77.99999999999962,-32.840087890625,35.96199791133404,324.5093682844439
78.19999999999915,-15.251220703125,52.31712430715561,318.6903521853285
78.39999999999868,-19.971710205078125,51.75430054962635,338.30024436424327
78.59999999999822,-2.762237548828125,55.762646079063416,276.03629735403905
78.79999999999775,-9.9947509765625,62.707286804914474,342.90373726994045
78.99999999999729,-33.42059326171875,29.729498360306025,297.8513819821507
79.19999999999682,-27.952789306640625,32.59351698309183,285.5704645727192
79.39999999999635,-29.12896728515625,22.078586623072624,241.52365115764852
79.59999999999589,-37.2474365234375,20.575101613998413,272.7236406406768
79.79999999999542,-36.978912353515625,25.98410388827324,296.9690291762101
79.99999999999496,-32.89501953125,41.919485330581665,352.86732121913616
80.19999999999449,-38.762359619140625,34.11039528250694,343.7089353126475
80.39999999999402,-36.140594482421875,23.548692300915718,281.5282781275559
80.59999999999356,-31.55035400390625,30.34812869131565,291.9480896990495
80.79999999999309,-14.491912841796875,42.26304556429386,267.6883336412743
80.99999999999262,-41.45037841796875,16.259484261274338,272.1921997499957
81.19999999999216,-38.226593017578125,18.325730085372925,266.7325914795721
81.39999999999169,-14.830810546875,31.52577143907547,218.64373675221466
81.59999999999123,-5.45281982421875,45.15955509245396,238.71645198171066
81.79999999999076,-13.22601318359375,43.19338345527649,266.1056354449642
81.9999999999903,-21.844146728515625,36.73095664381981,276.27316193968267
82.19999999998983,-24.507110595703125,45.23092895746231,328.9238530636073
82.39999999998936,-11.8165283203125,51.896824181079865,300.50803737293415
82.5999999999889,-25.349884033203125,35.252255484461784,285.83380550656517
82.79999999998843,-25.202789306640625,38.80936709046364,301.91736475462864
82.99999999998796,-28.4266357421875,39.967818558216095,322.58674864986835
83.1999999999875,-15.194122314453125,33.76741034351289,230.9301505598006
83.39999999998703,-49.976898193359375,28.401272997260094,369.67557776618617
83.59999999998657,-24.535003662109375,29.153851076960564,253.22686270646133
83.7999999999861,-31.748046875,30.622704595327377,294.17557510277817
83.99999999998563,-21.921295166015625,39.1699388474226,288.14065048088247
84.19999999998517,-33.40814208984375,30.42275069653988,301.0624235254162
84.3999999999847,-33.579071044921875,23.57392680644989,269.56571173868014
84.59999999998423,-43.234222412109375,24.161243941634893,317.87495912029914
84.79999999998377,-22.404266357421875,25.29286204278469,224.96650829286807
84.9999999999833,-36.74053955078125,7.108750432729721,206.8179362065993
85.19999999998284,-57.710723876953125,8.692095011472702,313.1930748700622
85.39999999998237,-29.255523681640625,33.5032454431057,296.00568479278286
85.5999999999819,-24.179656982421875,31.92207522690296,264.60735116830807
85.79999999998144,-10.853668212890625,45.03579545021057,263.6061732092566
85.99999999998097,-33.454620361328125,46.43249785900116,376.7926214092421
86.1999999999805,-25.008880615234375,49.03662270307541,349.2402770359649
86.39999999998004,-28.188079833984375,47.05817475914955,354.9036960023827
86.59999999997957,-18.845245361328125,50.69912265986204,328.0103890928073
86.79999999997911,-24.912750244140625,38.54839804768562,299.3185003440633
86.99999999997864,-48.1475830078125,30.474895767867565,370.82786986854063
87.19999999997817,-27.83154296875,36.50895583629608,303.4660123884939
87.39999999997771,-10.68988037109375,39.041164219379425,234.55960202474628
87.59999999997724,-22.891510009765625,39.97440779209137,296.5110582726187
87.79999999997678,-30.00299072265625,36.56172788143158,313.9566850694119
87.99999999997631,-30.416839599609375,37.97242611646652,322.5622763653024
88.19999999997584,-29.6512451171875,39.92603811621666,328.16563576299194
88.39999999997538,-25.521087646484375,44.46259520202875,330.0824451276043
88.59999999997491,-38.11041259765625,29.096654925495386,316.9863641774493
88.79999999997445,-36.846099853515625,27.187021151185036,302.01624564592925
88.99999999997398,-40.6466064453125,13.90165513753891,257.28030917867443
89.19999999997351,-44.416656494140625,12.38313114643097,267.8997735473831
89.39999999997305,-44.2391357421875,19.128303304314613,298.87651479016483
89.59999999997258,-34.3409423828125,30.025993525981903,303.5907046523495
89.79999999997212,-35.16485595703125,40.09649138152599,354.9748818861522
89.99999999997165,-30.264434814453125,29.93209797143936,283.9207358261161
90.19999999997118,-42.09381103515625,17.293112620711327,280.10216340524596
90.39999999997072,-22.032958984375,40.20565050840378,293.5523191482772
90.59999999997025,-32.65191650390625,29.54263949394226,293.344538066586
90.79999999996978,-39.5706787109375,38.07813340425491,366.2355097789941
90.99999999996932,-22.152435302734375,41.38192918896675,299.66382915920957
91.19999999996885,-8.366180419921875,50.295252323150635,276.6803398505809
91.39999999996839,-15.9696044921875,55.374064326286316,336.49690455631946
91.59999999996792,-30.92437744140625,57.40286645293236,416.6010053962882
91.79999999996745,-41.89422607421875,38.31216657161713,378.29849933318684
91.99999999996699,-35.056304931640625,50.529222924262285,403.6695291295794
92.19999999996652,-36.198394775390625,45.86577017605305,387.0607993460733
92.39999999996606,-31.554351806640625,41.121752839535475,342.7814220049884
92.59999999996559,-29.83551025390625,52.88617815077305,390.16205009966046
92.79999999996512,-14.14007568359375,60.61011838167906,352.56399529926136
92.99999999996466,-8.687713623046875,65.65872991085052,350.65968050481933
93.19999999996419,5.991943359375,74.93167644739151,325.15859037304665
93.39999999996373,-22.782684326171875,77.63611501455307,473.6315877361543
93.59999999996326,16.145538330078125,89.39585657417774,345.4897365822362
93.7999999999628,9.29022216796875,99.90406048297882,427.3858719061594
93.99999999996233,-6.4248046875,63.03625589609146,327.61746431976536
94.19999999996186,-36.743865966796875,47.720125395804644,398.3797316662179
94.3999999999614,-18.524322509765625,58.897827342152596,365.16644294749204
94.59999999996093,-17.45404052734375,52.2446605861187,328.73831083667454
94.79999999996046,-21.550811767578125,57.453943476080894,372.6309008913345
94.99999999996,-13.58404541015625,81.9581692814827,450.63086929259435
95.19999999995953,-7.18402099609375,76.63116639852524,395.3196069136561
95.39999999995906,-13.65606689453125,77.05949282646179,427.86564732011345
95.5999999999586,-1.96539306640625,57.61975206434727,281.03708746817045
95.79999999995813,-3.0875244140625,68.53810650110245,337.8267965328617
95.99999999995767,7.345550537109375,74.6074595451355,317.24502749273927
96.1999999999572,-2.316162109375,65.69211759418249,320.7653318569132
96.39999999995673,-6.063232421875,57.1106526479125,297.96360527615104
96.59999999995627,-11.470123291015625,55.49558371305466,315.84797209728265
96.7999999999558,-25.320037841796875,67.84607797861099,439.4238494079934
96.99999999995534,1.223297119140625,74.29635548591614,344.6536792135948
97.19999999995487,-22.401275634765625,67.12923404574394,422.27628421374385
97.3999999999544,-10.257232666015625,55.484269589185715,310.07393334430395
97.59999999995394,-7.41998291015625,42.22178627550602,234.13852895870707
97.79999999995347,-30.105377197265625,28.76797392964363,277.6798662466943
97.999999999953,-33.758575439453125,28.04889479279518,291.51882368885055
98.19999999995254,-31.43963623046875,35.571842819452286,316.0638588325608
98.39999999995207,-22.68121337890625,30.18814381211996,249.36165093960022
98.5999999999516,-29.52117919921875,55.46683939546347,400.851339090095
98.79999999995114,-28.48870849609375,55.244534753263,394.9331121947286
98.99999999995067,-26.2911376953125,32.15759002417326,275.67710321857317
99.19999999995021,-39.2791748046875,29.724275290966034,325.45911565009686
99.39999999994974,-29.66650390625,27.67149506509304,270.43828116552277
99.59999999994928,-45.026092529296875,20.456170737743378,308.85121633940093
99.79999999994881,-31.477935791015625,30.956800241023302,294.47736231546145
99.99999999994834,-20.514404296875,53.03460365533829,346.8985253909364
100.19999999994788,-36.91351318359375,51.56930302083492,417.3347719889929
100.39999999994741,-38.649322509765625,38.68457570672035,364.7501985541663
100.59999999994695,-33.97113037109375,47.42837315797806,383.92588191177083
100.79999999994648,-42.171173095703125,57.783392848446965,471.442001701035
100.99999999994601,-33.24462890625,66.62183845043182,471.0264791680646
101.19999999994555,-30.532501220703125,59.60897758603096,425.1579585537211
101.39999999994508,-26.478179931640625,52.3576922044158,371.8343530843424
101.59999999994461,-25.7510986328125,57.31528100371361,391.78780799051515
101.79999999994415,-31.218048095703125,41.52199074625969,343.08297166361706
101.99999999994368,-11.542999267578125,54.17346765846014,309.95585263851126
102.19999999994322,-29.4638671875,33.374601885676384,296.3815946160953
102.39999999994275,-29.68438720703125,22.989881679415703,248.4415046716379
102.59999999994228,-29.585723876953125,10.541662976145744,189.26334582481275
102.79999999994182,-41.16668701171875,18.774087607860565,282.71443633655156
102.99999999994135,-26.86407470703125,26.160076059401035,250.09174458115208
103.19999999994089,-35.995086669921875,20.663229018449783,267.23251218018396
103.39999999994042,-32.684234619140625,7.560294337570667,189.81585392975882
103.59999999993995,-33.12420654296875,11.283805251121521,209.4531827937408
103.79999999993949,-40.914886474609375,18.605219304561615,280.7303252726692
103.99999999993902,-35.16229248046875,27.812824994325638,297.0261054033668
104.19999999993856,-15.114898681640625,47.215700432658195,293.98619398826565
104.39999999993809,-35.21142578125,41.80959004163742,363.27446905104847
104.59999999993762,-43.178863525390625,26.432698294520378,328.3273128738435
104.79999999993716,-48.1629638671875,29.718844920396805,367.3344532498055
104.99999999993669,-32.7884521484375,21.312375843524933,255.1699604845003
105.19999999993622,-37.896759033203125,19.304637104272842,269.7939853014168
105.39999999993576,-42.646148681640625,28.819067023694515,337.07018809870857
105.59999999993529,-25.90338134765625,40.38903097435832,312.67233535027935
105.79999999993483,-23.369293212890625,41.26589174568653,304.8559181800101
105.99999999993436,-33.043975830078125,39.94834744930267,344.272887092201
106.1999999999339,-11.759063720703125,50.229416370391846,292.3725680813776
106.39999999993343,-27.4769287109375,43.94445459544659,336.8634498301198
106.59999999993296,-35.97955322265625,51.237053042277694,411.36261311050123
106.7999999999325,-9.2042236328125,60.85483955964446,330.43798126446916
106.99999999993203,-14.0511474609375,65.94388990849257,377.30162886871494
107.19999999993156,-7.317840576171875,66.71871885284781,349.19809261917425
107.3999999999311,-12.8636474609375,52.519904136657715,308.3856365372694
107.59999999993063,-30.384033203125,41.12503609061241,337.2770263086778
107.79999999993017,-33.182891845703125,33.795263946056366,315.906687587981
107.9999999999297,-48.669158935546875,23.317248076200485,339.5284197006691
108.19999999992923,-25.159912109375,22.655450999736786,225.52416973944932
108.39999999992877,-25.7169189453125,20.25352817773819,216.8225073669183
108.5999999999283,-44.179718017578125,6.464761361479759,238.86787469929678
108.79999999992783,-44.808868408203125,1.86148551851511,220.12366186054663
108.99999999992737,-34.35211181640625,25.29823492281139,281.3446149584667
109.1999999999269,-33.796051025390625,17.901717092841864,243.83577733461104
109.39999999992644,-42.5518798828125,7.199476219713688,234.65540254980883
109.59999999992597,-28.806427001953125,12.863626673817635,196.5394309937942
109.7999999999255,-46.00787353515625,-2.1209452152252197,206.99545978938878
109.99999999992504,-39.794830322265625,11.128820955753326,240.18460653262215
110.19999999992457,-33.01739501953125,23.338348776102066,265.80541280334575
110.3999999999241,-44.377655029296875,3.3896833769977093,225.29765820580025
110.59999999992364,-40.599822998046875,8.85392351448536,233.25170818620597
110.79999999992317,-36.840576171875,13.427895426750183,237.09441033588388
110.99999999992271,-51.893157958984375,6.96912969648838,277.62768468729763
111.19999999992224,-40.02166748046875,18.651206225156784,276.734301870589
111.39999999992177,-21.1439208984375,42.177741065621376,298.66060429948124
111.59999999992131,-20.69189453125,54.82844787836075,356.1964484406645
111.79999999992084,1.43798828125,48.014110416173935,219.6792116833311
111.99999999992038,-33.533447265625,43.01586157083511,361.04963335898105
112.19999999991991,-32.289886474609375,37.65685811638832,329.90822351103344
112.39999999991944,-24.548553466796875,38.01165768504143,295.06917361575705
112.59999999991898,-37.361328125,44.76339066028595,387.34640531482137
112.79999999991851,-19.76214599609375,38.193204171955585,273.35005694263305
112.99999999991805,-25.702178955078125,38.18364951014519,301.32153111247186
113.19999999991758,-32.576263427734375,31.43507837690413,301.9135226779911
113.39999999991711,-40.776031494140625,15.851416140794754,267.08692106322843
113.59999999991665,-50.0250244140625,20.969408810138702,334.84971289404837
113.79999999991618,-33.804718017578125,31.05348627269268,305.907802895416
113.99999999991572,-33.9879150390625,25.959449648857117,282.7455188086763
114.19999999991525,-37.30841064453125,10.810959629714489,226.9580386688816
114.39999999991478,-24.1676025390625,25.19859153032303,232.83876157730404
114.59999999991432,-19.83416748046875,35.323275208473206,260.1535502091467
114.79999999991385,-7.004791259765625,33.779059674590826,192.35959998378564
114.99999999991338,-31.6392822265625,38.24441069364548,329.6108363371018
115.19999999991292,-22.043914794921875,30.920654147863388,249.810723159671
115.39999999991245,-26.2266845703125,31.3855302631855,271.7316375393051
115.59999999991199,-15.40484619140625,35.196062475442886,238.66237069269934
115.79999999991152,-19.716583251953125,46.57571465522051,312.67179570548046
115.99999999991105,-15.13665771484375,38.392708176746964,252.4746235186427
116.19999999991059,-21.935546875,33.15781766176224,259.8513215711294
116.39999999991012,-34.3436279296875,20.510401640087366,258.7224831349081
116.59999999990966,-33.442901611328125,14.843630596995354,227.74646845260816
116.79999999990919,-12.44476318359375,25.082538213580847,176.99987911515186
116.99999999990872,-30.318695068359375,21.405624821782112,243.96101043806405
117.19999999990826,-37.817169189453125,28.84319308400154,314.4077944560659
117.39999999990779,-38.621063232421875,7.376772332936525,216.9516866789693
117.59999999990733,-44.389007568359375,8.3099225461483,248.55782090603432
117.79999999990686,-23.88226318359375,23.16100814193487,221.88255024452047
117.9999999999064,-24.9293212890625,26.382154524326324,242.0138053644765
118.19999999990593,-26.100555419921875,26.127568170428276,246.33723230093995
118.39999999990546,-44.335052490234375,33.85216134786606,368.7749153936297
118.599999999905,-44.1898193359375,45.36230644583702,422.37823791593905
118.79999999990453,-39.65625,38.87755984067917,370.40965725553326
118.99999999990406,-27.3052978515625,27.268449664115906,257.4005151850103
119.1999999999036,-58.4013671875,20.63775274157524,372.7929840931114
119.39999999990313,-22.004791259765625,29.871277809143066,244.6767449912457
119.59999999990266,-4.425079345703125,47.99545197188854,247.2447354571657
119.7999999999022,-18.4862060546875,38.40742310881615,268.3423829969452
119.99999999990173,-25.175323486328125,33.63534064590931,277.38419909062645
120.19999999990127,-27.578216552734375,26.54958952590823,255.29720432840503
120.3999999999008,-44.08795166015625,23.130345314741135,317.0393285934218
120.59999999990033,-32.1009521484375,35.06075602769852,316.77242396220345
120.79999999989987,-19.403045654296875,29.699243277311325,231.59403638403526
120.9999999998994,-35.84429931640625,36.53917858749628,341.4012295562934
121.19999999989894,-32.46014404296875,30.86748856306076,298.6887652081449
121.39999999989847,-40.9874267578125,39.33223059773445,378.83271946574297
121.599999999898,-34.732666015625,42.93890994787216,366.342876902345
121.79999999989754,-39.397430419921875,37.691926419734955,363.5968037582199
121.99999999989707,-25.008056640625,28.32002094388008,251.52523454861313
122.1999999998966,-17.58685302734375,36.19386446475983,253.6601391632482
122.39999999989614,-19.92205810546875,35.190364360809326,259.9412094952513
122.59999999989567,-18.23687744140625,23.37216903269291,196.25168668714286
122.7999999998952,-35.21502685546875,34.01879142224789,326.5456616808279
122.99999999989474,-22.7657470703125,37.43377298116684,283.93482545228346
123.19999999989427,-20.55706787109375,50.335883051157,334.37106522931356
123.39999999989381,-47.73431396484375,25.028416380286217,343.18999756657286
123.59999999989334,-32.87188720703125,32.421811535954475,307.9618398929088
123.79999999989288,-34.5970458984375,39.9186976775527,351.4581948095775
123.99999999989241,-41.42657470703125,18.718175960704684,283.67650220651655
124.19999999989194,-43.7327880859375,16.91769778728485,286.0618341356094
124.39999999989148,-39.768707275390625,28.099840991199017,320.1062797393592
124.59999999989101,-34.907440185546875,30.358447946608067,307.83066939644624
124.79999999989055,-33.04302978515625,33.6715804617852,314.66365843753846
124.99999999989008,-15.570220947265625,26.773825623095036,199.7183609041625
125.19999999988961,-36.19952392578125,22.575565189123154,277.21640728218216
125.39999999988915,-40.916839599609375,36.31609505414963,364.2739975556299
125.59999999988868,-29.16754150390625,24.420545235276222,252.7515840923668
125.79999999988821,-24.49591064453125,19.888817638158798,209.34336464669107
125.99999999988775,-25.5633544921875,36.94470505416393,294.8231972859075
126.19999999988728,-14.622650146484375,53.3475562594831,320.5857567523879
126.39999999988682,-33.21197509765625,39.4440498650074,342.68671491382935
126.59999999988635,-34.136810302734375,44.85686080157757,372.57862185043666
126.79999999988588,-35.657989501953125,51.20729702711105,409.7055914632053
126.99999999988542,-33.64886474609375,31.158656291663647,305.6687521447881
127.19999999988495,-21.332977294921875,43.617182046175,306.34151468055035
127.39999999988449,-37.778076171875,31.68743298202753,327.63844628164316
127.59999999988402,-30.032684326171875,31.515293389558792,290.29491090149605
127.79999999988355,-34.493255615234375,50.43723773956299,400.5800176753754
127.99999999988309,7.55975341796875,55.16356015205383,224.52635078067428
128.19999999988403,0.72186279296875,77.03253260627389,359.9240773856499
128.39999999988498,-13.904510498046875,42.15555903315544,264.4108465245754
128.59999999988594,-19.35369873046875,34.231636732816696,252.73860752642534
128.7999999998869,-19.033477783203125,43.32025945186615,294.09532639125877
128.99999999988785,-9.213958740234375,64.53368006646633,347.8353803185188
129.1999999998888,-27.945526123046875,54.88004755973816,390.65203155268193
129.39999999988976,-7.2403564453125,54.787223029881716,292.55698278750845
129.5999999998907,-16.2237548828125,36.38865426182747,248.14973930577665
129.79999999989167,-29.2496337890625,29.03850407153368,274.91967104113667
129.99999999989262,-2.17425537109375,47.518642492592335,234.3796805867912
130.19999999989358,-27.285797119140625,28.202477692626417,261.71394073996856
130.39999999989453,-28.409088134765625,28.42836517840624,268.0774260629871
130.5999999998955,-26.250335693359375,22.851656556129456,231.59263706414524
130.79999999989644,-28.484161376953125,23.95666128396988,247.34044085518295
130.9999999998974,-34.879119873046875,31.679153859615326,313.9262874276743
131.19999999989835,-29.136138916015625,35.762372240424156,306.0979127667311
131.3999999998993,-29.366180419921875,24.83153235912323,255.62692368098055
131.59999999990026,-20.66082763671875,30.732323445379734,242.39903191021997
131.79999999990122,-17.7222900390625,37.33993402123451,259.7044455538108
131.99999999990217,-32.898284912109375,40.27167935669422,345.1107420000441
132.19999999990313,-27.3111572265625,37.2929374538362,304.7092789260706
132.39999999990408,-42.162200927734375,25.075854316353798,317.132519713702
132.59999999990504,-34.138763427734375,23.98336347192526,274.1366698946762
132.799999999906,-28.625335693359375,30.37958513200283,278.30042301081977
132.99999999990695,-45.916015625,40.19109487533569,406.12960650194583
133.1999999999079,-38.381256103515625,54.09149178862572,436.1535359317694
133.39999999990886,-26.111541748046875,46.94715769588947,344.58595445023235
133.5999999999098,-18.002227783203125,51.107985243201256,325.96266973294655
133.79999999991077,-4.89044189453125,78.95392042398453,395.4572122785683
133.99999999991172,-34.52215576171875,83.47361627966166,556.5344858235871
134.19999999991268,-24.60870361328125,88.6061401963234,533.9849368931586
134.39999999991363,-1.381500244140625,82.17560040950775,394.1023245551527
134.5999999999146,-8.569854736328125,67.69568879902363,359.7112364553061
134.79999999991554,-1.88641357421875,74.81215516477823,361.75362708414013
134.9999999999165,-30.5460205078125,67.71381157636642,463.44868277909853
135.19999999991745,1.47808837890625,55.06811147928238,252.7607170618168
135.3999999999184,-22.563720703125,48.10396155714989,333.3085714060523
135.59999999991936,-39.9447021484375,30.108171109110117,330.4087860468571
135.79999999992032,-27.5516357421875,36.85779230669141,303.7911215056346
135.99999999992127,-41.931488037109375,39.11349646747112,382.25377061831904
136.19999999992223,-14.020233154296875,52.45638772845268,313.5411666215981
136.39999999992318,-23.02630615234375,55.57518994808197,370.72890375999407
136.59999999992414,-13.355377197265625,51.84549850970507,307.5240342009973
136.7999999999251,-7.150115966796875,46.576521061360836,253.40506525106886
136.99999999992605,-27.4464111328125,26.400987893342972,253.9746468157299
137.199999999927,-34.195831298828125,21.21926175057888,261.3687743515286
137.39999999992796,-38.754608154296875,21.57057446986437,284.5275208858984
137.5999999999289,-22.031524658203125,30.80692957341671,249.21589518643967
137.79999999992987,-21.6116943359375,35.818369589746,270.87251131750037
137.99999999993082,-25.69378662109375,35.971486151218414,290.8481404187481
138.19999999993178,-16.87158203125,52.46228578686714,327.0175516355303
138.39999999993273,-30.786163330078125,52.815791979432106,394.31388436280514
138.5999999999337,-29.122314453125,47.725782945752144,362.45888842022526
138.79999999993464,-25.860809326171875,30.53338647633791,265.9867741140576
138.9999999999356,-11.09674072265625,42.511717706918716,252.8476684523553
139.19999999993655,-45.019775390625,33.74672693014145,371.50716598419325
139.3999999999375,-39.6849365234375,45.32530854642391,400.9561716592754
139.59999999993846,-31.263916015625,47.65501527488232,372.2261068142901
139.79999999993942,-13.049346923828125,39.04869008809328,245.72367076576055
139.99999999994037,-44.061798095703125,18.969194129109383,297.2896421787433
140.19999999994133,-28.7628173828125,16.097714453935623,211.58752205783864
140.39999999994228,-37.89263916015625,18.513916432857513,266.04506984393004
140.59999999994324,-13.405609130859375,28.38976650685072,197.13051991540277
140.7999999999442,-25.75799560546875,46.68251629918814,341.67023401073396
140.99999999994515,-20.171417236328125,54.085629902780056,350.2380367819319
141.1999999999461,-8.469207763671875,62.316874980926514,333.86701474282825
141.39999999994706,-23.28546142578125,64.87727957963943,415.82511716642585
141.599999999948,-25.59661865234375,41.00220087170601,314.11752420482145
141.79999999994897,-18.261810302734375,47.880885541439056,311.9661881589595
141.99999999994992,-1.991943359375,59.13270354270935,288.29824447328446
142.19999999995088,-21.35302734375,51.856697970069945,345.2982774715373
142.39999999995183,-29.670806884765625,61.43756765127182,429.7183831201551
142.5999999999528,-19.570892333984375,56.80955818295479,360.2532024665363
142.79999999995374,-23.996124267578125,57.595320641994476,384.8311855142407
142.9999999999547,-12.99664306640625,66.69627618417144,375.87666974497165
143.19999999995565,-3.034423828125,59.07305735349655,292.9338442151143
143.3999999999566,-9.7249755859375,55.50320243835449,307.65280729912894
143.59999999995756,-16.641571044921875,36.54733866453171,250.86884050630982
143.79999999995852,-38.68194580078125,14.327440518885851,250.02210713866774
143.99999999995947,-30.255828857421875,16.542417615652084,220.72687510535502
144.19999999996043,-14.139801025390625,25.838255036622286,188.55901774934995
144.39999999996138,-15.568756103515625,34.71202629804611,237.15247501281118
144.59999999996234,-22.47589111328125,40.08457416296005,295.07037220949917
144.7999999999633,-41.51666259765625,40.33935296535492,386.07904965401525
144.99999999996425,-43.605194091796875,22.682257119566202,312.64893595962513
145.1999999999652,-42.64263916015625,23.034524962306023,309.7704784916146
145.39999999996616,-21.661956787109375,28.976911682635546,238.84141049235555
145.5999999999671,-27.02569580078125,33.92165306210518,287.4620071117632
145.79999999996807,-30.528778076171875,29.72748491168022,284.2024570832478
145.99999999996902,-13.389251708984375,36.78620420396328,236.65569599971326
146.19999999996998,-13.9205322265625,43.31458267569542,269.95302197786606
146.39999999997093,-12.360595703125,43.14552450180054,261.79810966004055
146.59999999997189,-5.29132080078125,36.64910439029336,197.81465526367907
146.79999999997284,-18.629364013671875,46.44623991847038,306.9331819900562
146.9999999999738,-14.231719970703125,36.602932929992676,239.76484008416585
147.19999999997475,-30.932098388671875,50.49466931819916,384.054475122446
147.3999999999757,-24.180023193359375,49.65353932976723,348.2406449353253
147.59999999997666,-28.47625732421875,46.08876684308052,351.69062982034774
147.79999999997762,-4.185943603515625,52.15392919629812,265.730556252597
147.99999999997857,-15.17626953125,52.02103155851364,316.94030017964764
148.19999999997953,-2.790863037109375,38.471392035484314,194.61602321390242
148.39999999998048,-18.498016357421875,35.77258588373661,255.97071141690893
148.59999999998143,-32.488555908203125,31.779772147536278,303.1256145067561
148.7999999999824,-35.8896484375,35.51630172133446,336.79065841829566
148.99999999998334,-26.755615234375,31.79083403944969,276.138013080486
149.1999999999843,-28.824066162109375,28.581237509846687,270.7557280223139
149.39999999998525,-24.401275634765625,37.99969896674156,294.31812440331777
149.5999999999862,-35.13348388671875,21.97266136109829,269.3447284849778
149.79999999998716,-35.83135986328125,19.32636182755232,260.1548661391297
149.99999999998812,-33.98187255859375,19.159177750349045,250.6431086313935
150.19999999998907,-45.671630859375,0.9399590278044343,219.84649756928565
150.39999999999003,-38.679351806640625,1.731930434703827,190.6023562926584
150.59999999999098,-30.342742919921875,14.594190508127213,211.9478749721437
150.79999999999194,-25.95477294921875,18.933699786663055,211.71930706728253
150.9999999999929,-32.885467529296875,32.429770048707724,308.06342916399103
151.19999999999385,-30.3792724609375,33.76966569572687,302.56250453302795
151.3999999999948,-16.9781494140625,31.62178662419319,229.22465734301434
151.59999999999576,-46.85601806640625,21.562740981578827,322.7013835216465
151.79999999999671,-41.069549560546875,10.311214447021484,242.34060749352085
151.99999999999767,-31.830657958984375,15.015476083382964,220.95273984010743
152.19999999999862,-23.417144775390625,26.246915251016617,234.24366511212983
152.39999999999958,-7.527801513671875,45.53458768129349,250.27209853616412
152.60000000000053,-14.618194580078125,52.156317710876465,314.94619019853195
152.8000000000015,-9.75,50.77711635828018,285.4799540531555
153.00000000000244,-33.402587890625,45.182829439640045,370.6530672284876
153.2000000000034,-45.523773193359375,17.223630234599113,295.95207776849367
153.40000000000435,-40.72113037109375,31.376214683055878,340.0516659604162
153.6000000000053,-42.272003173828125,31.023098677396774,345.70096128405055
153.80000000000626,-35.027496337890625,20.56177008897066,262.1902740492609
154.00000000000722,-27.17462158203125,34.720548301935196,291.9324646162454
154.20000000000817,-28.132232666015625,30.31070764362812,275.6498065357772
154.40000000000913,-33.75909423828125,38.1488141566515,339.15817603353617
154.60000000001008,-27.446014404296875,47.93572270870209,355.54270783498237
154.80000000001104,-28.4940185546875,32.704562567174435,288.6469598744961
155.000000000012,-4.947021484375,39.8037231862545,211.06970397852282
155.20000000001295,-24.773681640625,49.56297858059406,350.6135368947823
155.4000000000139,-27.9698486328125,51.78755630552769,376.18082055021654
155.60000000001486,-35.648345947265625,32.93922965973616,323.4976174480445
155.8000000000158,-29.451171875,30.858325377106667,284.45353984132095
156.00000000001677,-41.395050048828125,28.839365176856518,331.2650401663446
156.20000000001772,-27.3275146484375,21.150637194514275,228.65025452041883
156.40000000001868,-21.01141357421875,22.434893373399973,204.91724135291196
156.60000000001963,-27.3197021484375,20.604856237769127,226.03919613692932
156.8000000000206,-55.941802978515625,13.015759512782097,325.242683875856
157.00000000002154,-35.862457275390625,13.207718599587679,231.44257313115295
157.2000000000225,-47.535919189453125,1.0584103763103485,229.1982140626174
157.40000000002345,-36.801910400390625,9.512793727219105,218.4462171974387
157.6000000000244,-37.95562744140625,12.517586678266525,238.06009132348305
157.80000000002536,-44.085205078125,8.227911666035652,246.7381078605987
158.00000000002632,-15.78314208984375,22.469495613127947,180.42097345617964
158.20000000002727,-29.154266357421875,27.941881420090795,269.29757478701794
158.40000000002823,-39.959381103515625,27.99632865190506,320.51738238762346
158.60000000002918,-28.809051513671875,23.896957956254482,248.59121113146134
158.80000000003014,-40.16754150390625,17.720187813043594,273.03111894217307
159.0000000000311,-37.98419189453125,10.301626294851303,227.7431007373309
159.20000000003205,-46.5657958984375,30.063832879066467,361.42846741648054
159.400000000033,-28.91888427734375,32.06717520952225,287.64458820631995
159.60000000003396,-40.3193359375,33.57511670142412,348.52783699908184
159.8000000000349,-33.6695556640625,23.36821760982275,269.0222477664015
160.00000000003587,-22.5086669921875,21.51925180107355,207.6604502311923
160.20000000003682,-21.180908203125,28.378647658973932,233.7507646433795
160.40000000003778,-12.3551025390625,43.504325702786446,263.4645092544053
160.60000000003873,-37.49078369140625,24.2585252225399,291.24450217023923
160.8000000000397,-21.110870361328125,33.887100994586945,259.4013936293449
161.00000000004064,-12.596649169921875,37.392959892749786,235.77913763265576
161.2000000000416,-19.067413330078125,35.32247404754162,256.5333272711751
161.40000000004255,-33.884185791015625,28.491312325000763,294.1979629559377
161.6000000000435,-15.91815185546875,46.0441175699234,292.24894382681623
161.80000000004446,-16.783233642578125,49.197173714637756,311.200744295324
162.00000000004542,-25.4014892578125,62.012618362903595,412.2941406863463
162.20000000004637,-18.99664306640625,65.32119330763817,397.6903824632765
162.40000000004733,-8.430084228515625,56.825275897979736,307.7810133950901
162.60000000004828,-7.29571533203125,54.10243609547615,289.58824578259714
162.80000000004924,-32.7098388671875,45.37946500070393,368.3131168564062
163.0000000000502,-33.124755859375,36.23333440721035,327.13179833836057
163.20000000005115,-29.0682373046875,32.15730659291148,288.7741315033739
163.4000000000521,-46.2333984375,23.914474725723267,330.8568590815413
163.60000000005306,-32.0966796875,31.065170969814062,297.90684421223983
163.800000000054,-33.72406005859375,32.11881768703461,310.55207722576546
164.00000000005497,-47.640411376953125,29.19238470494747,362.38671879559683
164.20000000005592,-50.028656005859375,19.94569854438305,330.0384476216608
164.40000000005688,-46.724822998046875,37.73343725129962,398.35270050981796
164.60000000005783,-20.135498046875,58.90983100235462,372.8222697991393
164.8000000000588,-27.969696044921875,47.61056011915207,356.47903543473274
165.00000000005974,-21.38507080078125,38.91027498245239,284.3867935476475
165.2000000000607,-27.8468017578125,34.90227237343788,295.9599577457287
165.40000000006165,-28.2333984375,26.98770046979189,260.4537887696981
165.6000000000626,-23.664794921875,26.823148414492607,238.12956260112313
165.80000000006356,-1.8660888671875,52.49566249921918,256.4006220033279
166.00000000006452,-23.44317626953125,30.915681630373,256.38697478644616
166.20000000006547,-40.45166015625,21.626286789774895,292.7945441339536
166.40000000006643,-31.286773681640625,27.075250387191772,275.2681599928915
166.60000000006738,-46.292724609375,21.655449390411377,320.48183952185235
166.80000000006834,-37.584564208984375,16.583675265312195,255.4879109840002
167.0000000000693,-37.21142578125,5.8910573944449425,203.29557489138463
167.20000000007025,-16.843841552734375,28.116211384534836,212.05691959258826
167.4000000000712,-29.267608642578125,25.80339767038822,259.74586760130575
167.60000000007216,-33.4822998046875,23.26749935746193,267.66399974248753
167.8000000000731,-47.334686279296875,4.678055226802826,245.32136914381005
168.00000000007407,-36.999053955078125,13.96659041941166,240.38266961529212
168.20000000007502,-41.350128173828125,14.239606194198132,262.19248112321895
168.40000000007598,-22.044921875,22.25297522544861,208.93381991024702
168.60000000007693,-23.531707763671875,37.98969307541847,290.16955938999763
168.8000000000779,-27.3927001953125,27.528263047337532,259.0381800160201
169.00000000007884,-27.261932373046875,26.058131225407124,251.4874360789801
169.2000000000798,-43.81561279296875,-0.9588500633835793,202.13661894096222
169.40000000008075,-31.172210693359375,13.248136937618256,209.5113655448728
169.6000000000817,-33.02459716796875,12.459251992404461,214.5274374480864
169.80000000008266,-31.517578125,16.32436352595687,225.6495291049909
170.00000000008362,-42.333984375,19.48675938695669,291.581429127194
170.20000000008457,-48.215362548828125,8.813424348831177,268.9798629573036
170.40000000008553,-42.938720703125,14.739715985953808,272.0439770893444
170.60000000008648,-43.032623291015625,22.045919127762318,306.9470415472301
170.80000000008744,-43.15753173828125,18.882780268788338,292.6170365755205
171.0000000000884,-34.385162353515625,31.542614459991455,310.9525090232049
171.20000000008935,-10.44873046875,48.88214258849621,279.8377972288637
171.4000000000903,-31.535430908203125,24.983746260404587,266.57625659394205
171.60000000009126,-31.207672119140625,21.152848571538925,246.96169155809466
171.8000000000922,-37.992156982421875,23.65647567808628,290.7696562840484
172.00000000009317,-15.3094482421875,29.031708031892776,209.13785452553657
172.20000000009412,-17.160308837890625,46.29964128136635,299.3128490877239
172.40000000009508,-12.59161376953125,60.62307906150818,345.3217070791727
172.60000000009603,-2.882843017578125,66.77408181130886,328.5412703609559
172.800000000097,9.413787841796875,69.16339808702469,281.81279753249186
173.00000000009794,-10.8294677734375,67.41309326887131,369.0359639659894
173.2000000000989,-28.479156494140625,67.91255614161491,454.63757981584365
173.40000000009985,-10.45263671875,60.203991025686264,333.2564320862967
173.6000000001008,-14.131744384765625,77.87751922849566,433.9674831574092
173.80000000010176,-11.091949462890625,80.25250267982483,430.83185801144987
174.00000000010272,-4.82159423828125,66.47349618375301,336.2677814918495
174.20000000010367,1.409942626953125,61.391503646969795,282.90680796142675
174.40000000010463,-22.316864013671875,52.71546149253845,353.89468599860066
174.60000000010558,-11.286346435546875,42.75708953291178,254.89926739322703
174.80000000010654,-33.676422119140625,37.3431546241045,334.9683038842238
175.0000000001075,-36.668060302734375,34.490082144737244,335.6218577499287
175.20000000010845,-18.43048095703125,28.077738285064697,219.35894341530616
175.4000000001094,-19.71600341796875,34.28629370778799,254.7052334522274
175.60000000011036,-18.43255615234375,56.760001450777054,354.6504307691442
175.8000000001113,-5.306732177734375,60.04319770634174,308.22705760921
176.00000000011227,-17.90869140625,56.801947593688965,352.37743134390564
176.20000000011322,-16.509857177734375,47.38485208153725,301.36341793658323
176.40000000011418,-24.41619873046875,44.80972242355347,326.50841439985567
176.60000000011513,-35.135894775390625,35.68511912226677,334.0317697248975
176.80000000011609,-38.118743896484375,35.69435702264309,348.14413649215163
177.00000000011704,-10.58526611328125,41.69716138392687,246.59336009567835
177.200000000118,-37.07421875,24.034556686878204,288.22338570864434
177.40000000011895,-29.274688720703125,20.719502963125706,235.8007518537868
177.6000000001199,-18.9857177734375,46.98535370826721,311.15671105084897
177.80000000012086,-33.990753173828125,43.313535407185555,364.6105428447463
178.00000000012182,-27.403350830078125,52.09420597553253,374.95523047661516
178.20000000012277,-19.48406982421875,34.54191491007805,254.81695754887224
178.40000000012373,-8.955596923828125,46.646291613578796,262.2498070281209
178.60000000012468,-8.30157470703125,49.88389638066292,274.43543674460483
178.80000000012564,-13.00390625,52.19364628754556,307.5083602632339
179.0000000001266,-27.2891845703125,46.502278953790665,348.0420823566002
179.20000000012755,-19.291290283203125,57.623206153512,362.7720636615329
179.4000000001285,-27.452911376953125,52.94304729998112,379.1925994506889
179.60000000012946,-24.96514892578125,35.67219465970993,285.9998477083122
179.8000000001304,-58.1990966796875,27.235962986946106,402.95983644399377
180.00000000013137,-24.016021728515625,20.98862497508526,212.26724889835043
180.20000000013232,-28.3121337890625,40.31418654322624,323.680359383564
180.40000000013328,-21.189239501953125,38.94176869094372,283.61168495894736
180.60000000013423,-13.196807861328125,37.6339076012373,239.74626890939032
180.80000000013519,-34.3551025390625,17.13963994383812,242.87819414655576
181.00000000013614,-37.34307861328125,39.75673069432378,363.6461034812057
181.2000000001371,-35.740936279296875,13.702313989400864,233.20220199149705
181.40000000013805,-54.44769287109375,9.680807143449783,302.4661067492801
181.600000000139,-40.47113037109375,24.24207827821374,305.22392182837336
181.80000000013996,-29.99298095703125,21.661927461624146,243.63362686384394
182.00000000014091,-56.7027587890625,2.3332801908254623,278.44719374530587
182.20000000014187,-51.76763916015625,0.8662242889404297,248.25092988314185
182.40000000014282,-42.848480224609375,6.161340713500977,231.1579052725034
182.60000000014378,-48.0452880859375,3.4801777973771095,243.02310299842676
182.80000000014473,-49.03729248046875,14.565137572586536,299.98486466357707
183.0000000001457,-45.876861572265625,20.735768288373947,314.18266152660937
183.20000000014664,-36.28448486328125,18.4280975908041,258.05533891067364
183.4000000001476,-39.985382080078125,21.14587990194559,288.3294449141905
183.60000000014855,-31.388519287109375,26.033235281705856,270.83331971281655
183.8000000001495,-31.406341552734375,20.49759720824659,244.80819414810244
184.00000000015046,-39.928436279296875,21.327198646962643,288.9160577340665
184.20000000015142,-24.697113037109375,39.66674396395683,303.5761827902543
184.40000000015237,-30.3355712890625,46.64270183444023,363.07287041905323
184.60000000015333,-5.84161376953125,52.54437164962292,275.38117520987987
184.80000000015428,-17.569793701171875,48.06330896168947,309.5626598440529
185.00000000015524,-28.80938720703125,47.35908505320549,359.2533936762833
185.2000000001562,-28.9542236328125,27.932587515562773,268.31022539944695
185.40000000015715,-48.4332275390625,23.492179542779922,339.2407096917629
185.6000000001581,-51.360687255859375,24.273124147206545,356.7316320903579
185.80000000015906,-48.646881103515625,35.69403254985809,397.79922790378293
186.00000000016001,-30.07086181640625,48.83696287870407,372.1737218580194
186.20000000016097,-40.3038330078125,35.88618167489767,359.3549998678207
186.40000000016192,-45.9146728515625,22.730547100305557,323.76950062890575
186.60000000016288,-40.3792724609375,18.59823579341173,278.1711298942117
186.80000000016383,-45.017547607421875,19.376776188611984,303.71988134638616
187.0000000001648,-39.03570556640625,21.36575597524643,284.8872952014594
187.20000000016574,-29.40411376953125,37.709551841020584,316.54582817768954
187.4000000001667,-40.00439453125,31.12580256164074,335.49005172608764
187.60000000016765,-41.104705810546875,18.905794471502304,283.0433018123228
187.8000000001686,-28.447174072265625,42.39673954248428,334.1397776819378
188.00000000016956,-15.30322265625,46.232626765966415,290.2377070417467
188.20000000017052,-18.1810302734375,38.2262447476387,266.0484630716694
188.40000000017147,-22.650238037109375,44.90852841734886,318.64517432389067
188.60000000017243,-32.91949462890625,44.671869958983734,365.964554900561
188.80000000017338,-15.644500732421875,47.91501025110483,299.78243417069683
189.00000000017434,-29.296112060546875,30.365087684243917,281.39580384237155
189.2000000001753,-29.527923583984375,28.51268307864666,273.7521745656145
189.40000000017625,-44.816070556640625,23.0650135576725,320.16540585418903
189.6000000001772,-45.484283447265625,25.03808006644249,332.6231663910938
189.80000000017816,-35.4864501953125,22.622729927301407,274.0756056058329
190.0000000001791,-29.47760009765625,26.010086569935083,261.71116672094433
190.20000000018007,-35.148651123046875,33.337087355554104,323.0172962220228
190.40000000018102,-5.152801513671875,54.42273187637329,280.99175308812914
190.60000000018198,-20.781219482421875,41.26502040028572,292.6449957740846
190.80000000018293,-22.07977294921875,31.62380163371563,253.29628977655693
191.0000000001839,-34.747955322265625,37.37710076570511,340.18236679564495
191.20000000018484,-37.089111328125,36.62467186897993,347.6756982048917
191.4000000001858,-11.887359619140625,41.71881355345249,252.8368898939598
191.60000000018675,-26.951416015625,43.44953628629446,332.05052276872465
191.8000000001877,-7.163177490234375,52.147912472486496,279.7444890183306
192.00000000018866,-37.45831298828125,35.90665923058987,346.03050927089413
192.20000000018962,-19.565399169921875,34.40747431665659,254.5664550060353
192.40000000019057,-15.759979248046875,30.857366964221,219.8736476388848
192.60000000019153,-26.20989990234375,34.11755668744445,284.5382461879078
192.80000000019248,-23.14599609375,35.82121632620692,278.12256894325117
193.00000000019344,-25.814605712890625,30.718191608786583,266.64049690318564
193.2000000001944,-33.227020263671875,22.392065286636353,262.33091782189905
193.40000000019535,-23.00433349609375,35.958574295043945,278.10226589047966
193.6000000001963,-17.01025390625,29.759312018752098,220.5916014951386
193.80000000019726,-25.1322021484375,28.329517275094986,252.15556469418442
194.0000000001982,-40.488983154296875,18.50474876910448,278.24764985046
194.20000000019917,-32.191314697265625,32.918372482061386,307.0939377706999
194.40000000020012,-30.088226318359375,26.370012015104294,266.2888347423211
194.60000000020108,-25.466644287109375,22.832037448883057,227.80377246458468
194.80000000020203,-39.774322509765625,16.14401562139392,263.74236145529517
195.000000000203,-44.66290283203125,7.657786065712571,246.77382239958663
195.20000000020394,-29.772613525390625,22.74505329877138,247.70288118789048
195.4000000002049,-32.6937255859375,27.081002116203308,281.93126559898633
195.60000000020585,-43.513397216796875,19.65055861324072,297.91677339189596
195.8000000002068,-38.85980224609375,21.0416711717844,282.5290697449983
196.00000000020776,-38.53125,39.894254222512245,369.89882699038446
196.20000000020872,-21.40020751953125,37.96809160709381,280.0143196407927
196.40000000020967,-22.006927490234375,32.823909252882004,258.61309270815065
196.60000000021063,-20.334075927734375,47.01072683930397,317.63600112469004
196.80000000021158,-29.13690185546875,47.643790766596794,362.1409695477444
197.00000000021254,-8.8087158203125,58.714562833309174,318.4777938775416
197.2000000002135,-15.237060546875,38.97252547740936,255.68292458948738
197.40000000021445,-42.689788818359375,38.266957592219114,381.8375900940013
197.6000000002154,-4.980804443359375,57.96096455305815,296.8688152060539
197.80000000021636,3.75177001953125,73.45242607593536,328.7475314481086
198.0000000002173,-32.97564697265625,51.835407346487045,400.01667594587946
198.20000000021827,0.782135009765625,56.910523399710655,264.7330767220193
198.40000000021922,-15.691741943359375,51.54018401354551,317.1036105449072
198.60000000022018,-17.60211181640625,68.90803277492523,408.0305421602426
198.80000000022113,-7.75079345703125,62.247497379779816,330.1513446238799
199.0000000002221,-8.011688232421875,61.62607127428055,328.45087591255236
199.20000000022304,-45.022796630859375,27.81270744279027,343.53323943772193
199.400000000224,-35.1392822265625,21.234998881816864,265.8928452057038
199.60000000022495,-31.446380615234375,29.671376179903746,288.2657468501896
199.8000000002259,-28.63970947265625,36.431682735681534,306.9133171296345
200.00000000022686,-32.7344970703125,38.14747303724289,334.31927352563906
